{"cameraMode":{"drawMode":0,"name":"Shaded","section":"Shading Mode"},"sceneLighting":true,"audioPlay":false,"sceneViewState":{"m_AlwaysRefresh":false,"showFog":true,"showSkybox":true,"showFlares":true,"showImageEffects":true,"showParticleSystems":true,"showVisualEffectGraphs":true,"m_FxEnabled":true},"in2DMode":false,"pivot":{"x":-0.9469765424728394,"y":-2.198274612426758,"z":-2.4842872619628908},"rotation":{"x":0.3522680699825287,"y":-0.005615352187305689,"z":0.002113632159307599,"w":0.935880184173584},"size":17.50368309020996,"orthographic":false}